rank,question,sentence,cosine_similarity
1,what specific real-time pcr assay was used as a quantitative molecular tool in the study?,"the study used a quantitative molecular tool with a specific real-time polymerase chain reaction assay and serial dilutions of a plasmid suspension to quantify atopobium vaginae, gardnerella vaginalis, lactobacilli, mycoplasma hominis, and the human albumin gene for quality control.",0.628104
2,what type of assays are used in parallel quantitative real-time pcr analysis?,"using taqman-based assays, parallel quantitative real-time pcr analysis was performed on 70 clinical specimens at vanderbilt university medical center and virginia commonwealth university.",0.544191
3,what method was used to verify the variations detected by whole genome sequencing?,the variations detected by whole genome sequencing were verified by sanger sequencing.,0.538305
4,what do taqman-based assays indicate about the results obtained from quantitative real-time pcr?,"taqman-based assays indicate a strong correlation of the results, as they are utilized in quantitative real-time pcr, which aids in determining this correlation.",0.530483
5,what are recent next-generation sequencing methods used for in patients?,recent next-generation sequencing methods are identifying multiple variants in patients with central core disease.,0.523193
6,what method was used to study the transcriptome in identifying regulatory networks?,the purpose of this study was to investigate the effects of mood-modifying drugs on the transcriptome in a tissue culture model using quantitative pcr (qpcr) arrays to identify regulatory networks and pathways that may coordinate the cell response to specific drugs.,0.518952
7,how did the rna isolation technique differ from the pcr primer and probe sequences?,"the rna isolation technique, complementary dna (cdna) synthesis method, bcr control cell line, and pcr primer and probe sequences were different between the two laboratories.",0.513102
8,on what type of samples is the species-specific real-time pcr performed?,species-specific real-time polymerase chain reaction (pcr) for actinobaculum schaalii was performed on urine samples.,0.500171
9,how many clinical specimens were analyzed using an rna isolation technique due to the need for downstream analysis?,"seventy clinical specimens were analyzed using an rna isolation technique, which was necessary for their downstream analysis.",0.494693
10,on how many clinical specimens was the parallel quantitative real-time pcr analysis performed?,"using taqman-based assays, parallel quantitative real-time pcr analysis was performed on 70 clinical specimens at vanderbilt university medical center and virginia commonwealth university.",0.491195
11,what molecular technique has become the predominant method for monitoring bcr-abl levels?,quantitative real-time polymerase chain reaction (pcr) has become the predominant molecular technique to monitor bcr-abl (breakpoint cluster region-abelson) levels in response to treatment in philadelphia chromosome-positive (ph-positive) leukemia patients.,0.489536
12,which gene was significantly regulated in response to the stellarray™ quantitative pcr (qpcr) gene expression system in the study?,"neuregulin 1 (nrg1) was significantly regulated in response to the stellarray™ quantitative pcr (qpcr) gene expression system, which was used to measure its regulation in the study.",0.489440
13,what is the recent status of molecular quantification methods in scientific reporting?,molecular quantification methods for bacterial vaginosis have been reported recently.,0.487677
14,what is real-time pcr analysis utilized for in immunohistochemical evaluation?,real-time pcr analysis is utilized in immunohistochemical evaluation to analyze treatment outcomes on gene expression in both experimental groups.,0.483334
15,how does the quantitative-pcr method relate to the cecal microbiome?,"the cecal microbiome is affected by quantitative-pcr, as this method targets clostridium perfringens, a component of the cecal microbiome that is monitored over time.",0.480246
16,what method is used in conjunction with quantitative reverse transcription pcr (qrt-pcr) to evaluate efficiency in generating ipscs?,alkaline phosphatase (ap) staining is used in conjunction with quantitative reverse transcription pcr (qrt-pcr) because both methods assess the efficiency of generating induced pluripotent stem cells (ipscs).,0.476639
17,which genes were identified by the global pattern recognition (gpr) analysis?,"global pattern recognition (gpr) analysis identified nine genes—dopamine receptor d3 (drd3), fos (fos), jun (jun), glutamate decarboxylase 1 (gad1), neuregulin 1 (nrg1), platelet-activating factor acetylhydrolase 1b subunit 3 (pafah1b3), period circadian regulator 3 (per3), reelin (reln), and regulator of g protein signaling 4 (rgs4)—that were significantly regulated in response to cellular challenge with the mood stabilizers sodium valproate and lithium.",0.476242
18,what does global pattern recognition (gpr) analysis identify in the investigation of the effects of mood-modifying drugs on the transcriptome?,"global pattern recognition (gpr) analysis identifies the investigation of the effects of mood-modifying drugs on the transcriptome, as it aids in understanding the regulatory networks that respond to these drugs, thereby connecting the analysis to the purpose of the investigation.",0.468448
19,what does the overlap of transcriptomes between genes for tissue remodeling indicate about their molecular profiles?,"transcriptomes are largely overlapping between genes for tissue remodeling, indicating a shared molecular profile in the conditions.",0.461465
20,how was the parallel quantitative real-time pcr analysis related to the results obtained from consecutive samples from a single patient?,"the parallel quantitative real-time pcr analysis was correlated with consecutive samples from one patient, highlighting the importance of method standardization.",0.456411
21,"which method was utilized to determine the correlation coefficient, r(s), in the assessment of correlation in quantitative pcr results?","taqman-based assays were utilized to determine the correlation coefficient, r(s), as they contribute to the assessment of correlation in quantitative pcr results.",0.452312
22,what was the outcome associated with using taqman-based assays in bcr-abl monitoring that led to the observation of discordant results?,"the taqman-based assays were used in detecting one discordant result, highlighting their importance in bcr-abl monitoring and the observation of discordance.",0.444405
23,how does the complementary dna (cdna) synthesis method compare to pcr primer and probe sequences?,"the rna isolation technique, complementary dna (cdna) synthesis method, bcr control cell line, and pcr primer and probe sequences were different between the two laboratories.",0.442709
24,what are molecular quantification methods used for?,molecular quantification methods for bacterial vaginosis have been reported recently.,0.441976
25,"how many bcr-abl-positive paired results from the two laboratories, derived from the clinical specimens, were analyzed at the two laboratories?",seventy clinical specimens were analyzed to generate 22 bcr-abl-positive paired results from the two laboratories.,0.441770
