pubmed_id,question,paragraph,prediction,loops,gold_label,reasoning_chain
25429730,Are group 2 innate lymphoid cells ( ILC2s ) increased in chronic rhinosinusitis with nasal polyps or eosinophilia?,"Yes, group 2 innate lymphoid cells (ILC2s) are increased in chronic rhinosinusitis with nasal polyps and eosinophilia. The evidence indicates that ILC2s are implicated in driving Th2 inflammation in chronic rhinosinusitis and are correlated with the presence of nasal polyps, high tissue eosinophilia, and increased blood eosinophilia. Their frequency is associated with clinical disease characteristics, including nasal symptom severity and nasal polyps. In patients with eosinophilic chronic rhinosinusitis, ILC2s are notably increased and are correlated with the disease, especially in those with co-existing asthma. These cells contribute to eosinophil recruitment and activation, further supporting their increased presence in eosinophilic disease subsets.",yes,1,yes,"[
  {
    ""role"": ""question"",
    ""content"": ""Are group 2 innate lymphoid cells ( ILC2s ) increased in chronic rhinosinusitis with nasal polyps or eosinophilia?""
  },
  {
    ""role"": ""planner"",
    ""content"": ""To answer whether group 2 innate lymphoid cells (ILC2s) are increased in chronic rhinosinusitis with nasal polyps or eosinophilia, I need to understand the role and behavior of ILC2s in inflammatory conditions, particularly in the context of chronic rhinosinusitis with nasal polyps (CRSwNP). This involves knowing if ILC2s are typically elevated in such conditions, their contribution to eosinophilic inflammation, and any relevant studies or data that compare ILC2 levels in patients with CRSwNP versus controls. Additionally, understanding the immunological mechanisms underlying eosinophilia in CRSwNP and how ILC2s influence or correlate with eosinophil recruitment and activation will be crucial. Since my training data extends up to October 2023, I should also consider the latest research findings on this topic.""
  },
  {
    ""role"": ""questioner"",
    ""content"": ""What are the specific mechanisms by which ILC2s contribute to eosinophil recruitment and activation in chronic rhinosinusitis with nasal polyps?""
  },
  {
    ""role"": ""retriever"",
    ""content"": ""Group 2 innate lymphoid cells (ilc2s) are implicated in driving Th2 inflammation in chronic rhinosinusitis and are correlated with the presence of nasal polyps, high tissue eosinophilia, and increased blood eosinophilia. They are identified as cd45(+) lin(-) cd127(+) crth2(cd294)(+) cd161(+) cells and their frequency, measured as a percentage of cd45(+) cells, is associated with clinical disease characteristics, including worsening nasal symptom scores and the presence of nasal polyps. In patients with eosinophilic chronic rhinosinusitis, ilc2s are increased and correlated with the disease, especially in those with co-existing asthma. The frequencies of ilc2s are compared across different phenotypes, endotypes, and inflammatory subtypes of chronic rhinosinusitis, highlighting their role in eosinophil recruitment and activation. These cells contribute to eosinophil recruitment and activation by their association with high tissue eosinophilia and their increased presence in eosinophilic disease subsets.""
  },
  {
    ""role"": ""reflection"",
    ""content"": ""The previous response provides detailed information about the role of ILC2s in chronic rhinosinusitis with nasal polyps and their association with eosinophilia, including mechanisms of eosinophil recruitment and activation. Therefore, the question about whether ILC2s are increased in this condition has been sufficiently addressed.""
  },
  {
    ""role"": ""aggregator"",
    ""content"": ""Yes, group 2 innate lymphoid cells (ILC2s) are increased in chronic rhinosinusitis with nasal polyps and eosinophilia. The evidence indicates that ILC2s are implicated in driving Th2 inflammation in chronic rhinosinusitis and are correlated with the presence of nasal polyps, high tissue eosinophilia, and increased blood eosinophilia. Their frequency is associated with clinical disease characteristics, including nasal symptom severity and nasal polyps. In patients with eosinophilic chronic rhinosinusitis, ILC2s are notably increased and are correlated with the disease, especially in those with co-existing asthma. These cells contribute to eosinophil recruitment and activation, further supporting their increased presence in eosinophilic disease subsets.""
  },
  {
    ""role"": ""classifier"",
    ""content"": ""yes""
  },
  {
    ""role"": ""system"",
    ""content"": ""Total loops: 1""
  }
]"
