pubmed_id,question,paragraph,prediction,loops,gold_label,reasoning_tree
25429730,Are group 2 innate lymphoid cells ( ILC2s ) increased in chronic rhinosinusitis with nasal polyps or eosinophilia?,"Maybe, group 2 innate lymphoid cells (ILC2s) are increased in chronic rhinosinusitis with nasal polyps or eosinophilia, as multiple evidence paragraphs indicate that ILC2 populations are associated with high tissue eosinophilia and eosinophil-dominant chronic rhinosinusitis. Specifically, ILC2s were found to be increased in patients with chronic rhinosinusitis with nasal polyps, especially those with co-existing asthma, and their levels were higher in nasal polyp tissues with eosinophilia compared to healthy tissues. The ILC2s were identified as cd45(+) lin(-) cd127(+) cells and their frequency correlated with the presence of nasal polyps and eosinophilia. Overall, the evidence suggests a significant increase in ILC2 populations in eosinophilic nasal polyp tissues.",maybe,4,yes,"[
  {
    ""branch_id"": 1,
    ""depth"": 0,
    ""role"": ""question"",
    ""content"": ""Are group 2 innate lymphoid cells ( ILC2s ) increased in chronic rhinosinusitis with nasal polyps or eosinophilia?""
  },
  {
    ""branch_id"": 1,
    ""depth"": 0,
    ""role"": ""planner"",
    ""content"": ""[\""Identify the specific immune cell populations involved in chronic rhinosinusitis with nasal polyps and eosinophilia, focusing on ILC2s, and review relevant scientific literature for their levels in affected versus healthy tissues.\"", \""Determine the typical immune profile of chronic rhinosinusitis with nasal polyps, especially regarding eosinophil counts, and investigate whether ILC2s are known to correlate with eosinophilia or polyp formation.\"", \""Examine studies that measure ILC2s in nasal tissue samples from patients with chronic rhinosinusitis with nasal polyps, comparing them to controls to assess if ILC2s are increased.\"", \""Review immunological mechanisms underlying eosinophilia in chronic rhinosinusitis with nasal polyps, focusing on the role of ILC2s and their cytokine production, to infer their potential increase.\""]""
  },
  {
    ""branch_id"": 1,
    ""depth"": 0,
    ""role"": ""plan"",
    ""content"": ""Identify the specific immune cell populations involved in chronic rhinosinusitis with nasal polyps and eosinophilia, focusing on ILC2s, and review relevant scientific literature for their levels in affected versus healthy tissues.""
  },
  {
    ""branch_id"": 1,
    ""depth"": 0,
    ""role"": ""questioner"",
    ""content"": ""What is the quantitative difference in ILC2 cell populations between nasal polyp tissues with eosinophilia and healthy sinonasal tissues?""
  },
  {
    ""branch_id"": 1,
    ""depth"": 0,
    ""role"": ""retriever"",
    ""content"": ""The frequencies of group 2 innate lymphoid cells (ilc2s) were associated with high tissue eosinophilia and eosinophil-dominant chronic rhinosinusitis, indicating increased ilc2 populations in eosinophilic tissues. In patients with chronic rhinosinusitis with nasal polyps, ilc2s were increased, especially in those with co-existing asthma, and were correlated with the presence of nasal polyps. The ilc2s were identified as cd45(+) lin(-) cd127(+) cd4(-) cd8(-) crth2(cd294)(+) cd161(+) cells using flow cytometry, and their frequency was measured as a percentage of cd45(+) cells. Overall, ilc2 populations are quantitatively higher in nasal polyp tissues with eosinophilia compared to healthy sinonasal tissues.""
  },
  {
    ""branch_id"": 1,
    ""depth"": 0,
    ""role"": ""reflection"",
    ""content"": ""The retriever provided a detailed answer indicating that ILC2 populations are increased in nasal polyp tissues with eosinophilia compared to healthy tissues, and this is supported by specific cell markers and flow cytometry data. The question about the quantitative difference is addressed by stating that ILC2s are 'quantitatively higher' in affected tissues, which aligns with the original question. Therefore, the knowledge base contains sufficient information to answer the question.""
  },
  {
    ""branch_id"": 1,
    ""depth"": 0,
    ""role"": ""aggregator"",
    ""content"": ""Yes, group 2 innate lymphoid cells (ILC2s) are increased in chronic rhinosinusitis with nasal polyps and eosinophilia. The evidence indicates that ILC2 frequencies are associated with high tissue eosinophilia and eosinophil-dominant chronic rhinosinusitis, showing increased populations in eosinophilic tissues. Additionally, patients with chronic rhinosinusitis with nasal polyps, especially those with co-existing asthma, have increased ILC2s, which are correlated with the presence of nasal polyps. Overall, ILC2 populations are quantitatively higher in nasal polyp tissues with eosinophilia compared to healthy tissues.""
  },
  {
    ""branch_id"": 2,
    ""depth"": 0,
    ""role"": ""branch"",
    ""content"": ""← forked from 1""
  },
  {
    ""branch_id"": 2,
    ""depth"": 0,
    ""role"": ""plan"",
    ""content"": ""Determine the typical immune profile of chronic rhinosinusitis with nasal polyps, especially regarding eosinophil counts, and investigate whether ILC2s are known to correlate with eosinophilia or polyp formation.""
  },
  {
    ""branch_id"": 2,
    ""depth"": 0,
    ""role"": ""questioner"",
    ""content"": ""What are the specific quantitative differences in ILC2 cell populations between nasal polyp tissues with eosinophilia and healthy sinonasal tissues, as measured by flow cytometry or other quantitative methods?""
  },
  {
    ""branch_id"": 2,
    ""depth"": 0,
    ""role"": ""retriever"",
    ""content"": ""The frequencies of group 2 innate lymphoid cells (ilc2s) were associated with high tissue eosinophilia and eosinophil-dominant chronic rhinosinusitis, indicating increased ilc2 populations in nasal polyp tissues with eosinophilia. In patients with chronic rhinosinusitis with nasal polyps, ilc2s were increased, especially in those with co-existing asthma, and identified as cd45(+) lin(-) cd127(+) cd4(-) cd8(-) crth2(cd294)(+) cd161(+) cells via flow cytometry. The frequency of ilc2s, measured as a percentage of cd45(+) cells, was higher in nasal polyp tissues with eosinophilia compared to healthy sinonasal tissues. Additionally, ilc2s were correlated with worsening nasal symptom scores, further supporting their increased presence in diseased tissues. Overall, these data suggest a significant quantitative increase in ilc2 populations in eosinophilic nasal polyp tissues compared to healthy tissues.""
  },
  {
    ""branch_id"": 2,
    ""depth"": 0,
    ""role"": ""reflection"",
    ""content"": ""The retriever and aggregator provided detailed information indicating that ILC2 populations are quantitatively higher in nasal polyp tissues with eosinophilia compared to healthy tissues, with specific markers and measurement methods mentioned. The question about the exact quantitative difference, such as percentage increases or fold changes, is addressed by stating that ILC2s are 'higher' or 'increased' in affected tissues, and that their frequency was measured as a percentage of CD45(+) cells. This suggests that the knowledge base contains sufficient data to answer the question about the quantitative difference, although exact numerical values are not specified.""
  },
  {
    ""branch_id"": 2,
    ""depth"": 0,
    ""role"": ""aggregator"",
    ""content"": ""Maybe yes, group 2 innate lymphoid cells (ILC2s) are increased in chronic rhinosinusitis with nasal polyps or eosinophilia. The evidence indicates that ILC2s are associated with high tissue eosinophilia and eosinophil-dominant chronic rhinosinusitis, showing increased populations in eosinophilic tissues. Specifically, in patients with chronic rhinosinusitis with nasal polyps, ILC2s were increased, especially in those with co-existing asthma, and their frequency was higher in nasal polyp tissues with eosinophilia compared to healthy tissues. Additionally, ILC2s were correlated with worsening nasal symptom scores, further supporting their increased presence in diseased tissues.""
  },
  {
    ""branch_id"": 3,
    ""depth"": 0,
    ""role"": ""branch"",
    ""content"": ""← forked from 1""
  },
  {
    ""branch_id"": 3,
    ""depth"": 0,
    ""role"": ""plan"",
    ""content"": ""Examine studies that measure ILC2s in nasal tissue samples from patients with chronic rhinosinusitis with nasal polyps, comparing them to controls to assess if ILC2s are increased.""
  },
  {
    ""branch_id"": 3,
    ""depth"": 0,
    ""role"": ""questioner"",
    ""content"": ""What are the specific quantitative differences in ILC2 cell populations between nasal polyp tissues with eosinophilia and healthy sinonasal tissues?""
  },
  {
    ""branch_id"": 3,
    ""depth"": 0,
    ""role"": ""retriever"",
    ""content"": ""The frequencies of group 2 innate lymphoid cells (ilc2s) were associated with high tissue eosinophilia and eosinophil-dominant chronic rhinosinusitis, indicating increased ilc2 populations in eosinophilic nasal polyp tissues. Patients with chronic rhinosinusitis with nasal polyps, especially those with co-existing asthma, showed increased ilc2 levels, which were identified as cd45(+) lin(-) cd127(+) cd4(-) cd8(-) crth2(cd294)(+) cd161(+) cells through flow cytometry. The ilc2 populations were correlated with the presence of nasal polyps and worsening nasal symptom scores, suggesting a higher ilc2 cell count in polyp tissues compared to healthy sinonasal tissues. Additionally, ilc2s were associated with increased blood eosinophilia but showed no significant relationship with serum total immunoglobulin E or allergic disease. Overall, ilc2 cell populations are quantitatively higher in eosinophilic nasal polyp tissues than in healthy sinonasal tissues.""
  },
  {
    ""branch_id"": 3,
    ""depth"": 0,
    ""role"": ""reflection"",
    ""content"": ""The retriever and aggregator responses both indicate that ILC2 populations are increased in nasal polyp tissues with eosinophilia compared to healthy tissues, and they provide specific markers and correlations. The question about the exact quantitative difference is addressed by stating that ILC2s are 'quantitatively higher' in affected tissues, which is sufficient to answer the question. The knowledge base contains detailed information supporting this conclusion, so the answer can be confidently provided.""
  },
  {
    ""branch_id"": 3,
    ""depth"": 0,
    ""role"": ""aggregator"",
    ""content"": ""Maybe. The evidence indicates that group 2 innate lymphoid cells (ILC2s) are increased in eosinophilic tissues and in patients with chronic rhinosinusitis with nasal polyps, especially those with co-existing asthma, and their levels are correlated with tissue eosinophilia and nasal polyp presence. The studies show that ILC2 populations are higher in nasal polyp tissues with eosinophilia compared to healthy tissues, and their frequency is associated with eosinophil-dominant chronic rhinosinusitis. Therefore, there is evidence suggesting that ILC2s are increased in chronic rhinosinusitis with nasal polyps and eosinophilia.""
  },
  {
    ""branch_id"": 4,
    ""depth"": 0,
    ""role"": ""branch"",
    ""content"": ""← forked from 1""
  },
  {
    ""branch_id"": 4,
    ""depth"": 0,
    ""role"": ""plan"",
    ""content"": ""Review immunological mechanisms underlying eosinophilia in chronic rhinosinusitis with nasal polyps, focusing on the role of ILC2s and their cytokine production, to infer their potential increase.""
  },
  {
    ""branch_id"": 4,
    ""depth"": 0,
    ""role"": ""questioner"",
    ""content"": ""What are the specific cytokines produced by ILC2s in nasal polyp tissues with eosinophilia, and how do their levels compare to those in healthy sinonasal tissues?""
  },
  {
    ""branch_id"": 4,
    ""depth"": 0,
    ""role"": ""retriever"",
    ""content"": ""Patients with chronic rhinosinusitis with nasal polyps have increased levels of group 2 innate lymphoid cells (ilc2s), which are associated with high tissue eosinophilia and the presence of nasal polyps. These ilc2s are identified as cd45(+) lin(-) cd127(+) cd4(-) cd8(-) crth2(cd294)(+) cd161(+) cells through flow cytometry. Ilc2s produce cytokines such as IL-5 and IL-13, which are involved in eosinophilic inflammation. Their levels are higher in nasal polyp tissues with eosinophilia compared to healthy sinonasal tissues, where ilc2s are less prevalent. The increased cytokine production by ilc2s in nasal polyp tissues contributes to the eosinophilic inflammation characteristic of this condition.""
  },
  {
    ""branch_id"": 4,
    ""depth"": 0,
    ""role"": ""reflection"",
    ""content"": ""The retriever and aggregator responses confirm that ILC2s are increased in nasal polyp tissues with eosinophilia compared to healthy tissues, and this is supported by specific cell markers and cytokine production. The information provided addresses the question about the quantitative difference, indicating a higher presence of ILC2s in affected tissues. Therefore, the knowledge base contains sufficient data to answer the question accurately.""
  },
  {
    ""branch_id"": 4,
    ""depth"": 0,
    ""role"": ""aggregator"",
    ""content"": ""Yes, group 2 innate lymphoid cells (ILC2s) are increased in chronic rhinosinusitis with nasal polyps, especially in cases with eosinophilia. The evidence indicates that ILC2 populations are higher in nasal polyp tissues with eosinophilia compared to healthy tissues, and their presence correlates with high tissue eosinophilia and the presence of nasal polyps. Additionally, ILC2s are identified as being more prevalent in nasal polyp tissues, particularly in patients with co-existing asthma, and they produce cytokines like IL-5 and IL-13 that promote eosinophilic inflammation.""
  },
  {
    ""branch_id"": 0,
    ""depth"": 0,
    ""role"": ""FINAL"",
    ""content"": ""Maybe, group 2 innate lymphoid cells (ILC2s) are increased in chronic rhinosinusitis with nasal polyps or eosinophilia, as multiple evidence paragraphs indicate that ILC2 populations are associated with high tissue eosinophilia and eosinophil-dominant chronic rhinosinusitis. Specifically, ILC2s were found to be increased in patients with chronic rhinosinusitis with nasal polyps, especially those with co-existing asthma, and their levels were higher in nasal polyp tissues with eosinophilia compared to healthy tissues. The ILC2s were identified as cd45(+) lin(-) cd127(+) cells and their frequency correlated with the presence of nasal polyps and eosinophilia. Overall, the evidence suggests a significant increase in ILC2 populations in eosinophilic nasal polyp tissues.""
  },
  {
    ""branch_id"": 0,
    ""depth"": 0,
    ""role"": ""LABEL"",
    ""content"": ""maybe""
  },
  {
    ""branch_id"": 0,
    ""depth"": 0,
    ""role"": ""system"",
    ""content"": ""Total loops: 4""
  }
]"
